{
	"format_version": "1.8.0",
	"animations": {
		"animation.npc.idle_1": {
			"loop": true,
			"animation_length": 10,
			"bones": {
				"body": {
					"rotation": {
						"0.0": [0, 0, 0],
						"0.15": [-7.5, 22.5, 0],
						"1.5": [-7.5, 22.5, 0],
						"1.65": [-7.5, -22.5, 0],
						"3.0": [-7.5, -22.5, 0],
						"3.15": [0, 0, 0],
						"4.5": [0, 0, 0],
						"4.8": [0, -37.5, 0],
						"5.45": [10, -37.5, 0],
						"5.6": [-5, -37.5, 0],
						"5.8": [0, -37.5, 0],
						"6.2": [0, -37.5, 0],
						"6.5": [0, 0, 0]
					},
					"position": {
						"4.5": [0, 0, 0],
						"4.65": [0, 2, 0],
						"4.8": [0, 0, 0],
						"5.45": [0, 0, 0],
						"5.6": [0, 2, 0],
						"5.8": [0, 0, 0],
						"6.2": [0, 0, 0],
						"6.35": [0, 2, 0],
						"6.5": [0, 0, 0]
					}
				},
				"rightArm": {
					"rotation": {
						"0.15": [0, 0, 12.5],
						"1.5": [0, 0, 12.5],
						"4.5": [0, 0, 12.5],
						"4.8": [-66.78912, -13.83447, 6.64537],
						"5.25": [-148.03, -12.54, 7.19],
						"5.45": [-72.89, -11.24, 7.74],
						"5.6": [-125.53, -12.54, 7.19],
						"5.95": [-115.53, -12.54, 7.19],
						"6.5": [0, 0, 12.5],
						"8.0": [0, 0, 12.5],
						"8.2": {
							"pre": [0, 0, 17.5],
							"post": [0, 0, 17.5],
							"lerp_mode": "catmullrom"
						},
						"8.75": {
							"post": [0, 0, 17.5],
							"lerp_mode": "catmullrom"
						},
						"8.95": {
							"post": [0, 0, 12.5],
							"lerp_mode": "catmullrom"
						}
					},
					"position": {
						"5.25": [0, 0, 0],
						"5.45": [0.14497, -0.31662, -0.93741],
						"5.6": [0, 0, 0],
						"8.0": [0, 0, 0],
						"8.2": [0, 1, 0],
						"8.75": [0, 1, 0],
						"8.95": [0, 0, 0]
					},
					"scale": {
						"5.35": [1, 1, 1],
						"5.45": [1.2, 1.2, 1.2],
						"5.55": [1, 1, 1]
					}
				},
				"leftArm": {
					"rotation": {
						"0.15": [0, 0, -12.5],
						"1.5": [0, 0, -12.5],
						"4.5": [0, 0, -12.5],
						"4.8": [-126.15697, -29.76212, 1.20122],
						"5.45": [-108.42, -25.58, -0.73],
						"5.6": [-148.03, -23.72, -1.59],
						"5.8": [-108.42, -25.58, -0.73],
						"6.1": [-108.42, -25.58, -0.73],
						"6.5": [0, 0, -12.5],
						"8.0": [0, 0, -12.5],
						"8.2": {
							"pre": [0, 0, -17.5],
							"post": [0, 0, -17.5],
							"lerp_mode": "catmullrom"
						},
						"8.75": {
							"post": [0, 0, -17.5],
							"lerp_mode": "catmullrom"
						},
						"8.95": {
							"post": [0, 0, -12.5],
							"lerp_mode": "catmullrom"
						}
					},
					"position": {
						"8.0": [0, 0, 0],
						"8.2": [0, 1, 0],
						"8.75": [0, 1, 0],
						"8.95": [0, 0, 0]
					}
				},
				"rightLeg": {
					"rotation": {
						"0.0": [0, 0, 0],
						"0.2": [0, 22.5, 0],
						"1.7": [0, 22.5, 0],
						"1.9": [0, -12.5, 0],
						"3.0": [0, -12.5, 0],
						"3.2": [0, 0, 0],
						"4.5": [0, 0, 0],
						"4.8": [35, -12.5, 0],
						"5.45": [35, -12.5, 0],
						"5.7": [35, -12.5, 0],
						"6.2": [35, -12.5, 0],
						"6.5": [0, 0, 0]
					},
					"position": {
						"0.0": [0, 0, 0],
						"0.1": [0, 2, 0],
						"0.2": [0, 0, 0],
						"1.7": [0, 0, 0],
						"1.8": [0, 2, 0],
						"1.9": [0, 0, 0],
						"3.0": [0, 0, 0],
						"3.1": [0, 2, 0],
						"3.2": [0, 0, 0],
						"4.5": [0, 0, 0],
						"4.65": [0, 2, 0],
						"4.8": [0, 0, 0],
						"5.45": [0, 0, 0],
						"5.55": [0, 2, 0],
						"5.7": [0, 0, 0],
						"6.2": [0, 0, 0],
						"6.35": [0, 2, 0],
						"6.5": [0, 0, 0]
					}
				},
				"leftLeg": {
					"rotation": {
						"0.2": [0, 0, 0],
						"0.4": [0, 12.5, 0],
						"1.5": [0, 12.5, 0],
						"1.7": [0, -22.5, 0],
						"3.2": [0, -22.5, 0],
						"3.4": [0, 0, 0],
						"4.5": [0, 0, 0],
						"4.8": [-22.5, -37.5, 0],
						"5.45": [-22.5, -37.5, 0],
						"5.7": [-22.5, -37.5, 0],
						"6.2": [-22.5, -37.5, 0],
						"6.5": [0, 0, 0]
					},
					"position": {
						"0.2": [0, 0, 0],
						"0.3": [0, 2, 0],
						"0.4": [0, 0, 0],
						"1.5": [0, 0, 0],
						"1.6": [0, 2, 0],
						"1.7": [0, 0, 0],
						"3.2": [0, 0, 0],
						"3.3": [0, 2, 0],
						"3.4": [0, 0, 0],
						"4.5": [0, 0, 0],
						"4.65": [0, 2, 0],
						"4.8": [0, 0, 0],
						"5.45": [0, 0, 0],
						"5.55": [0, 2, 0],
						"5.7": [0, 0, 0],
						"6.2": [0, 0, 0],
						"6.35": [0, 2, 0],
						"6.5": [0, 0, 0]
					}
				},
				"torso": {
					"scale": {
						"8.0": [1, 1, 1],
						"8.2": {
							"pre": [1.1, 1.1, 1.1],
							"post": [1.1, 1.1, 1.1],
							"lerp_mode": "catmullrom"
						},
						"8.75": {
							"post": [1.1, 1.1, 1.1],
							"lerp_mode": "catmullrom"
						},
						"8.95": [1, 1, 1]
					}
				},
				"head": {
					"rotation": {
						"8.0": [0, 0, 0],
						"8.2": [-12.5, 0, 0],
						"8.75": [-12.5, 0, 0],
						"8.95": [0, 0, 0]
					}
				}
			}
		},
		"animation.npc.idle_2": {
			"loop": true,
			"animation_length": 11.5,
			"bones": {
				"body": {
					"rotation": {
						"0.0": [0, 0, 0],
						"0.2": {
							"pre": [5, 0, 0],
							"post": [5, 0, 0],
							"lerp_mode": "catmullrom"
						},
						"0.35": {
							"post": [-12.5, 0, 0],
							"lerp_mode": "catmullrom"
						},
						"0.5": {
							"post": [-12.5, 12.5, 0],
							"lerp_mode": "catmullrom"
						},
						"0.85": {
							"post": [-12.5, 12.5, 0],
							"lerp_mode": "catmullrom"
						},
						"1.0": {
							"post": [5, 0, 0],
							"lerp_mode": "catmullrom"
						},
						"1.15": {
							"post": [-12.5, -12.5, 0],
							"lerp_mode": "catmullrom"
						},
						"1.5": {
							"post": [-12.5, -12.5, 0],
							"lerp_mode": "catmullrom"
						},
						"1.65": {
							"post": [5, 0, 0],
							"lerp_mode": "catmullrom"
						},
						"1.8": {
							"post": [-12.5, 12.5, 0],
							"lerp_mode": "catmullrom"
						},
						"2.8": {
							"post": [-12.5, 12.5, 0],
							"lerp_mode": "catmullrom"
						},
						"3.1": {
							"post": [0, 0, 0],
							"lerp_mode": "catmullrom"
						}
					}
				},
				"head": {
					"rotation": {
						"0.0": [0, 0, 0],
						"0.35": [10, 0, 0],
						"0.5": [10.12076, -12.45167, -1.10693],
						"0.85": [10.12076, -12.45167, -1.10693],
						"1.0": [10, 0, 0],
						"1.15": [10.12076, 12.45167, 1.10693],
						"1.5": [10.12, 12.45, 1.11],
						"1.8": [22.57478, -9.96322, -0.8774],
						"2.8": [10.07478, -9.96322, -0.8774],
						"3.1": [0, 0, 0],
						"4.6": [0, 0, 0],
						"5.0": [-0.6574, 7.4713, -5.04292],
						"5.9": [-0.66, 7.47, -5.04],
						"6.3": [0, 0, 0],
						"8.0": [0, 0, 0],
						"8.65": [10, 0, 0],
						"9.65": [10, 0, 0],
						"9.95": [0, 0, 0]
					}
				},
				"rightArm": {
					"rotation": {
						"0.0": [0, 0, 0],
						"0.35": [-45, 0, 22.5],
						"0.5": [-45, 0, 22.5],
						"1.5": [-45, 0, 22.5],
						"1.65": [-67.5, 0, -22.5],
						"2.8": [-67.5, 0, -22.5],
						"3.1": [0, 0, 0],
						"4.6": [0, 0, 0],
						"5.15": [0, 0, 12.5],
						"5.6": [0, 0, 12.5],
						"6.3": [0, 0, 0],
						"8.0": [0, 0, 0],
						"8.35": [-145.10257, 2.86544, -4.09918],
						"8.65": [-145.10257, 2.86544, -4.09918],
						"8.85": [-157.98184, 4.75113, -11.57518],
						"9.05": [-145.10257, 2.86544, -4.09918],
						"9.25": [-145.10257, 2.86544, -4.09918],
						"9.45": [-157.98184, 4.75113, -11.57518],
						"9.65": [-145.10257, 2.86544, -4.09918],
						"10.0": [0, 0, 0]
					},
					"position": {
						"1.65": [0, 0, 0],
						"1.8": [-0.08283, 0.37361, 0.92388],
						"1.95": [0.16848, -0.75084, -1.85164],
						"2.1": [-0.08283, 0.37361, 0.92388],
						"2.25": [0.16848, -0.75084, -1.85164],
						"2.4": [-0.08283, 0.37361, 0.92388],
						"2.55": [0.16848, -0.75084, -1.85164],
						"2.8": [0.17, -0.75, -1.85],
						"3.1": [0, 0, 0],
						"8.65": [0, 0, 0],
						"8.85": [0, 2, 0],
						"9.05": [0, 0, 0],
						"9.25": [0, 0, 0],
						"9.45": [0, 2, 0],
						"9.65": [0, 0, 0]
					},
					"scale": {
						"8.75": [1, 1, 1],
						"8.85": [1.1, 1.1, 1.1],
						"8.95": [1, 1, 1],
						"9.35": [1, 1, 1],
						"9.45": [1.1, 1.1, 1.1],
						"9.55": [1, 1, 1]
					}
				},